,가수이름,노래제목
0,정국,Seven (feat. Latto) - Clean Ver.
1,NewJeans,Super Shy
2,NewJeans,ETA
3,박재정,헤어지자 말해요
4,(여자)아이들,퀸카 (Queencard)
5,IVE (아이브),I AM
6,임영웅,모래 알갱이
7,우디 (Woody),사막에서 꽃을 피우듯
8,Lauv,Steal The Show (From “엘리멘탈”)
9,임영웅,사랑은 늘 도망가
10,전소미,Fast Forward
11,aespa,Spicy
12,임영웅,우리들의 블루스
13,LE SSERAFIM (르세라핌),"이브, 프시케 그리고 푸른 수염의 아내"
14,NewJeans,New Jeans
15,임영웅,다시 만날 수 있을까
16,정국,Still With You
17,NewJeans,Hype boy
18,임영웅,무지개
19,임영웅,이제 나만 믿어요
20,IVE (아이브),Kitsch
21,임영웅,London Boy
22,임영웅,아버지
23,임영웅,Polaroid
24,LE SSERAFIM (르세라핌),UNFORGIVEN (feat. Nile Rodgers)
25,NewJeans,Ditto
26,임영웅,인생찬가
27,임영웅,A bientot
28,임영웅,손이 참 곱던 그대
29,AKMU (악뮤),Love Lee
30,Paul Blanco,Summer (Feat. BE’O (비오))
31,임영웅,사랑해 진짜
32,임영웅,연애편지
33,NewJeans,Cool With You
34,방탄소년단,Dynamite
35,NewJeans,Attention
36,세븐틴 (SEVENTEEN),손오공
37,임영웅,보금자리
38,NewJeans,OMG
39,V,Love Me Again
40,방탄소년단,Take Two
41,윤하 (YOUNHA),사건의 지평선
42,IVE (아이브),After LIKE
43,ITZY (있지),CAKE
44,Charlie Puth,I Don't Think That I Like Her
45,지수 (JISOO),꽃
46,IVE (아이브),LOVE DIVE
47,STAYC(스테이씨),Bubble
48,방탄소년단,봄날
49,이세계아이돌,KIDDING
50,부석순 (SEVENTEEN),파이팅 해야지 (Feat. 이영지)
51,AKMU (악뮤),후라이의 꿈
52,지민,Like Crazy
53,Charlie Puth,Dangerously
54,방탄소년단,Butter
55,"정국, 방탄소년단",Dreamers [Music from the FIFA World Cup Qatar 2022 Official Soundtrack] (Feat. FIFA Sound)
56,NCT DREAM,ISTJ
57,STAYC(스테이씨),Teddy Bear
58,Agust D,사람 Pt.2 (feat. 아이유)
59,DK(디셈버),심(心)
60,임한별,사랑하지 않아서 그랬어
61,성시경,너의 모든 순간
62,탑현,나에게 그대만이
63,NCT DREAM,Candy
64,멜로망스,사랑인가 봐
65,오마이걸 (OH MY GIRL),여름이 들려 (Summer Comes)
66,V,Rainy Days
67,허각,물론
68,이무진,잠깐 시간 될까
69,케이시 (Kassy),사실말야내가말야그게그러니까말이야
70,FIFTY FIFTY,Cupid
71,방탄소년단,Permission to Dance
72,LE SSERAFIM (르세라핌),ANTIFRAGILE
73,H1-KEY (하이키),건물 사이에 피어난 장미 (Rose Blossom)
74,김호중,그중에 그대를 만나
75,NewJeans,ASAP
76,"j-hope, J. Cole",on the street (with J. Cole)
77,(여자)아이들,Allergy
78,우효,민들레 (single ver.)
79,경서,첫 키스에 내 심장은 120BPM
80,지아,사랑..그게 뭔데
81,제이세라,사랑의 바보
82,"The Kid LAROI, Justin Bieber",STAY
83,김민석 (멜로망스),취중고백
84,NCT DREAM,Broken Melodies
85,로이킴,"잘 지내자, 우리 (여름날 우리 X 로이킴)"
86,IVE (아이브),I WANT
87,"김연지, DK(디셈버)",미친 사랑의 노래
88,#안녕,해요 (2022)
89,이세계아이돌,LOCKDOWN
90,"경서예지, 전건호",다정히 내 이름을 부르면
91,ZEROBASEONE (제로베이스원),In Bloom
92,Charlie Puth,That's Hilarious
93,(여자)아이들,TOMBOY
94,NCT DREAM,Yogurt Shake
95,임재현,Heaven(2023)
96,"김호중, 송가인",당신을 만나
97,Charlie Puth,That’s Not How This Works (feat. Dan + Shay)
98,던 (DAWN),빛이 나는 너에게
99,이세계아이돌,Another World
