,이름
0,오랫동안 당신을 기다렸습니다
1,D.P.
2,국민사형투표
3,치명적 유혹
4,Maseukeugeol
5,경이로운 소문
6,선택된 자
7,나의 행복한 결혼
8,페인킬러
9,무직전생 ~이세계에 갔으면 최선을 다한다~
10,"Hip, hib-ha-ge"
11,하트스토퍼
12,캐롤 & 튜즈데이
13,위쳐
14,이토 준지: 매니악
15,링컨 차를 타는 변호사
16,건즈 앤 굴라브
17,좀비버스
18,더 웨일
19,리키시
20,아웃랜더
21,피아노의 숲
22,원피스
23,너의 꽃이 될래
24,옥골요
25,오오쿠
26,주술회전
27,불꽃
28,페이트/엑스트라 라스트 앙코르
29,Maamannan
30,울트라맨
31,리틀 위치 아카데미아
32,좀100 : 좀비가 되기 전에 하고 싶은 100가지
33,하이스코어 걸
34,진짜가 나타났다!
35,하트시그널
36,불꽃의 전학생
37,히어로 마스크
38,비라판 사냥
39,호리미야
40,Ragnarok
41,블랙 미러
42,매니페스트
43,미라큘러스 레이디버그
44,기묘한 이야기
45,오토라는 남자
46,군청의 마그멜
47,귀멸의 칼날
48,사냥개들
49,더 글로리
50,블랙리스트
51,Kingdeoraendeu
52,브레이킹 배드
53,릭 앤 모티
54,쓸쓸하고 찬란하神: 도깨비
55,선왕의 일상생활
56,하트 오브 스톤
57,빌리언스
58,올드보이
59,워킹 데드
60,빈란드 사가
61,야키토리
62,미싱: 루시 블랙맨 실종 사건
63,닥터 스톤
64,장화신은 고양이: 끝내주는 모험
65,빌리지
66,러브 빌리지
67,소울캐처
68,"지미: 대체로 바보, 어쩌면 천재"
69,TÁR 타르
70,슈타인즈 게이트
71,슬램덩크
72,나이트 에이전트
73,이 연애는 불가항력
74,굿 닥터
75,뎁 vs 허드
76,65
77,퍼펙트 스토리
78,미션 임파서블: 폴아웃
79,한마 바키
80,후 이즈 에린?
81,성난 사람들
82,푸바
83,재벌집 막내아들
84,스위트 매그놀리아
85,미안해 청춘!
86,"라자 라소이 왕의 요리, 그 뒷이야기"
87,DC 타이탄
88,원스 어폰 어 타임 인… 할리우드
89,무한의 주인: 불멸의 검
90,카메라를 멈추면 안 돼!
91,패러다이스
92,피키 블라인더스
93,존 윅
94,돌싱글즈
95,【최애의 아이】
96,업그레이드
97,애프터썬
98,용감한 형사들
99,"미타라이 가, 불타다"
100,너의 모든 것
101,라이트하우스
102,오징어 게임
103,베터 콜 사울
104,도망치는 건 부끄럽지만 도움이 된다
105,고스트 타운
106,타이슨 퓨리의 집으로
107,아바타 아앙의 전설
108,쥬라기 월드: 폴른 킹덤
109,네버 해브 아이 에버
110,라인 오브 듀티
111,메멘토
112,웬즈데이
113,프레스티지
114,마당이 있는 집
115,히트
116,스타 트렉
117,애드 아스트라
118,로켓맨
119,좀100: 좀비가 되기 전에 하고 싶은 100가지
120,포켓몬스터
121,여신강림
122,호프 밸리
123,The King Who Never Was
124,스타 트렉: 넥스트 제너레이션
125,19/20
126,Suits
127,사인필드
128,김비서가 왜 그럴까
129,메간
130,월플라워
131,미스터 션샤인
132,외교관
133,신체 찾기
134,오티스의 비밀 상담소
135,바이킹스
136,오자크
137,사이비 교주가 되는 법
138,마지막 차르
139,섀도우 앤 본
140,더 테일러
141,다크
142,샬럿 왕비: 브리저튼 외전
143,말하지 못한 이야기: 늪의 제왕들
144,마인드헌터
145,브루클린 나인-나인
146,격투맨 바키
147,그들이 타이론을 복제했다
148,커뮤니티
149,이정표
150,스트리머
151,리사: 어나더 그레이트 데이
152,베스티언즈
153,리전
154,딥 페이크 러브
155,샌드맨
156,최후통첩: 결혼할까 헤어질까
157,신비아파트
158,전쟁과 선원
159,데어데블
160,절대쌍교
161,모가디슈
162,타이거 앤 드래곤
163,브리저튼
164,루시퍼
165,미션 임파서블
166,노잉
167,악마판사
168,씽
169,Too Hot to Handle
170,네모바지 스폰지밥
171,The Story of Gumiho
172,브로커
173,퍼피 구조대
174,헤이트풀8
175,원헌드레드
176,이터널 선샤인
177,원펀맨
178,라스트 킹덤
179,아가씨
180,미션 임파서블 3
181,강심장 리그
182,엄브렐러 아카데미
183,"펜딩 트레인 ―8시 23분, 내일 너와"
184,베벌리힐스의 진짜 주부들
185,홍콩 남녀
186,굿 플레이스
187,장고: 분노의 추적자
188,베르사유
189,출동 슈퍼윙스
190,가십걸
191,러브러브 핑크 버스: 아시아 여행
192,로보 메크
193,나를 찾아줘
194,La casa de papel - Netflix series
195,살인의 추억
196,스위트 투스: 사슴뿔을 가진 소년
197,코브라 카이
198,슈퍼배드
199,애로우
200,다음 소희
201,바이올렛 에버가든 총집편
202,연애 실험: 블라인드 러브 일본편
203,Cunk on Earth
204,노트북
205,보이프렌즈
206,The Flash
207,37세컨즈
208,이혼 좀 합시다
209,범죄의 재구성
210,4차원 가족 카다시안 따라잡기
211,Heojil kyolshim
212,인사이드 맨
213,포레스트 검프
214,기생충
215,마이 리틀 포니 : 우정은 마법
216,스내푸
217,꼬마버스 타요
218,마르셀 더 셸 위드 슈즈 온
219,The Violence Action
220,더 크라운
221,아르나우의 성전
222,체인소 맨
223,맨투맨
224,인포마
225,터미네이터 2: 심판의 날
226,블루 록
227,리버데일
228,스컬 아일랜드
229,의심 없는 우리 사이
230,나르코스
231,심야식당
232,"러브, 데스 + 로봇"
233,뱀파이어 다이어리
234,죄인
235,이상한 변호사 우영우
236,అశ్విన్స్
237,하우스 오브 카드
238,트라이앵글
239,애프터 라이프 앵그리맨
240,개구쟁이 스머프
241,미션 임파서블: 고스트 프로토콜
242,미션 임파서블 2
243,슈렉
244,팜 스프링스
245,진격의 거인
246,파이어플라이 레인
247,제로 다크 서티
248,아리스 인 보더랜드
249,문폴
250,왕의 남자
251,Filip
252,퀸스 갬빗
253,스크림
254,보디가드
255,스타 트렉: 딥 스페이스 나인
256,존 윅 3: 파라벨룸
257,맨 인 블랙
258,Love Class
259,테라스 하우스: 새로운 시작
260,나의 히어로 아카데미아
261,라라랜드
262,어느 가족
263,바스타드: 암흑의 파괴신
264,Jagun Jagun: The Warrior
265,Dakteo Cha Jeong Suk
266,미션 임파서블: 로그네이션
267,쿼터백
268,드래곤 프린스
269,노이마트 사람들
270,아처
271,마에스트로 인 블루
272,공포의 파티
273,Vengeance
274,더 데이스
275,월드워Z
276,데리 걸스
277,타이타닉
278,거짓말 사냥꾼 바쿠
279,슈퍼걸
280,신세계
281,어둠 속의 감시자
282,뤼팽
283,애틀란타
284,그들이 우리를 바라볼 때
285,흙 팝니다
286,길모어 걸스
287,루폴의 드래그 레이스
288,기예르모 델토로의 피노키오
289,Extraction
290,빌로우 덱: 우리는 요티
291,웬트워스
292,손 The Guest
293,놉
294,킬러 북클럽
295,캡틴 폴
296,지옥
297,문호 스트레이독스
298,어메이징 스파이더맨
299,세상이 이래도 난 끄떡없어
300,트로이
301,헌트
302,크리에이터 파일: 골드
303,아놀드
304,아우터 뱅크스
305,다머
306,힐 하우스의 유령
307,종말의 발키리
308,왓 맨 원트
309,살인자는 누구인가
310,부산행
311,기예르모 델토로의 호기심의 방
312,위플래쉬
313,미이라
314,대리모
315,헬'S 키친
316,다시 찾은 블루
317,"GEN HOSHINO STADIUM TOUR ""POP VIRUS"""
318,퍼시픽 림: 업라이징
319,트랜스포머 프라임
320,Länge leve bonusfamiljen
321,빨간 머리 앤
322,알포인트
323,더 볼드 타입
324,스파이 패밀리
325,앱스트랙트: 디자인의 미학
326,디 아더스
327,유전
328,리바운드
329,나이브스 아웃
330,바스터즈: 거친 녀석들
331,미래일기
332,터닝메카드
333,말하지 못한 이야기: 문제아 제이크 폴
334,텍스 멕스 모터스
335,언더 파이어
336,러브 아일랜드: 미국
337,설국열차
338,미드소마
339,어둠 속의 미사
340,콰이어트 플레이스
341,슬래셔
342,1917
343,쥬라기 공원
344,코다
345,캐치 미 이프 유 캔
346,드림
347,헌터x헌터
348,1899
349,내부자들: 디 오리지널
350,뭉쳐야 찬다
351,익스트랙션 2
352,에이 아이
353,내 아이디는 강남미인
354,역병
355,핵소 고지
356,보스 베이비
357,라이언 일병 구하기
358,"에밀리, 파리에 가다"
359,다운 포 러브
360,위쳐: 블러드 오리진
361,사이버펑크: 엣지러너
362,레이디스 퍼스트: 힙합계의 여성들
363,블레이드
364,다섯 살 소녀의 죽음: 이자벨라 나르도니 사건
365,매니악
366,설국열차
367,섹스/라이프
368,리디아 포에트의 법
369,스퀘어드 러브: 영원한 사랑
370,디스트릭트 9
371,공조 2: 인터내셔날
372,블라이 저택의 유령
373,악마를 보았다
374,지옥락
375,아델라인: 멈춰진 시간
376,블랙폰
377,더 레이디 오브 사일런스: 더 마타비에지타스 머더스
378,로스트 인 스페이스
379,말하지 못한 이야기: 불명예의 전당
380,Heartland
381,인시디어스: 두번째 집
382,제3의 매력
383,모성
384,She Said
385,마이클 조던: 더 라스트 댄스
386,사이코패스
387,언노운: 사라진 피라미드
388,프랙처드
389,쥬라기 월드: 도미니언
390,소드 아트 온라인
391,풍미 원산지
392,마이펫의 이중생활
393,미니언즈 2
394,밥 잘 사주는 예쁜 누나
395,투르 드 프랑스: 언체인드 레이스
396,오만과 편견
397,오늘부터 신령님
398,젠틀맨
399,스타 트렉: 보이저
400,길복순
401,노인을 위한 나라는 없다
402,나는 SOLO
403,쥬라기 월드
404,"미라큘러스: 레이디버그와 블랙캣, 더 무비"
405,불라이더: 두려움을 모르는 남자들
406,가장 깊은 호흡
407,내 성인식에 절대 오지 마!
408,몬테 카를로
409,플러스 사이즈 그녀의 생존기
410,흔적 없는 삶
411,드라이브
412,Tri Am the Movie
413,버진리버
414,더 리크루트
415,전생했더니 슬라임이었던 건에 대하여
416,다만 악에서 구하소서
417,인시디어스 3
418,날씨의 아이
419,World on Fire
420,코흐라
421,끝까지 간다
422,"엑스오, 키티"
423,Get Out
424,DC 레전드 오브 투모로우
425,극한직업
426,메리 마이 데드 바디
427,Kaubôi bibappu
428,Black Knight
429,가재가 노래하는 곳
430,불릿 트레인
431,캐스트 어웨이
432,애프터
433,바이올런트 나이트
434,F1: 본능의 질주
435,팀 로빈슨: 나가주시죠
436,우리 아빠는 외계인 사냥꾼
437,군함도
438,아이리시맨
439,닥터 샌더스의 위대한 진단
440,Eoneu Nal Uri Jip Hyeon-gwaneuro Myeolmang-i Deureowatda
441,Tokyo Revengers
442,교섭
443,식극의 소마
444,레모니 스니켓의 위험한 대결
445,곤도 마리에: 설레지 않으면 버려라
446,보잭 홀스맨
447,셀링 오렌지카운티
448,빅쇼트
449,8월의 크리스마스
450,나의 아저씨
451,몽키 킹
452,OMG! 오 마이 걸
453,브링 잇 온
454,신세기 에반게리온
455,퓨리
456,트루먼 쇼
457,고스트 워
458,나이브스 아웃: 글래스 어니언
459,극장판 바이올렛 에버가든
460,옥수역귀신
461,오렌지 이즈 더 뉴 블랙
462,캐시트럭
463,언터처블: 1%의 우정
464,그 땅에는 신이 없다
465,트레일러 파크 보이즈
466,노스맨
467,터미널
468,빌어먹을 세상 따위
469,괴물
470,성적표의 김민영
471,러브 & 드럭스
472,사인펠드와 함께 커피 드라이브
473,트랜스포머
474,빠삐용
475,버드 박스
476,플로리다 맨
477,원 데이 앳 어 타임
478,쟈니 잉글리쉬 3: 스트라이크 어게인
479,The Liberator
480,머독 가문의 살인: 미남부 스캔들
481,지니 & 조지아
482,프란시스 하
483,해피니스 포 비기너스
484,공각기동대
485,이세계 삼촌
486,미나리
487,라바
488,신토니아
489,영 로열스
490,"오, 발레리아"
491,뽀롱뽀롱 뽀로로
492,도쿄 구울
493,굿모닝 콜
494,왓 위민 원트
495,인시디어스4: 라스트 키
496,포이즌: 음식에 감춰진 더러운 진실
497,서부 전선 이상 없다
498,나이스 가이즈
499,플레이리스트
500,피아니스트
501,러시아 인형처럼
502,스파이더맨
503,스포트라이트
504,클리포드 더 빅 레드 독
505,록우드 심령 회사
506,언차티드
507,지금 우리 학교는
508,빌로우 덱 세일링 요트
509,폭풍 속으로
510,My Little Pony: Tell Your Tale
511,Red Rose
512,이번 생도 잘 부탁해
513,브리짓 존스의 일기
514,다시 열다섯
515,파우다: 혼돈
516,엘리트들
517,콰이어트 플레이스 2
518,모범시민
519,뮤트
520,아는 와이프
521,티켓 투 파라다이스
522,삼국지
523,오버로드
524,스카이스크래퍼
525,공동경비구역 JSA
526,본 아이덴티티
527,보르텍스
528,트윈
529,아이즈 와이드 셧
530,Black Clover
531,박하사탕
532,아메리칸 셰프
533,헝거게임: 캣칭 파이어
534,약속의 네버랜드
535,안시성
536,얼터드 카본
537,트라이건
538,연애 실험: 블라인드 러브 브라질편
539,Selleobeuriti
540,이슬방울 요정의 일기
541,Maid
542,나우 유 씨 미: 마술사기단
543,데블스 에드버킷
544,11.11
545,아티스트
546,바다탐험대 옥토넛
547,사랑의 불시착
548,더 서펀트
549,미스 슬로운
550,비바리움
551,서치 2
552,이미테이션 게임
553,스틸워터
554,타이거 앤 버니
555,옵세션
556,판의 미로: 오필리아와 세개의 열쇠
557,굿 걸스
558,플로리다 프로젝트
559,그린 북
560,스탠 바이 미
561,슬리핑 도그
562,Najgwa Bam
563,헝거게임: 모킹제이
564,허트 로커
565,3000년의 기다림
566,곤지암
567,수리남
568,킬링 디어
569,대부 2
570,굿 위치
571,영웅
572,미녀 첩보원 D.E.B.S.
573,에밀리: 범죄의 유혹
574,네가 빠진 세계
575,킹 오브 클론: 황우석 박사의 몰락
576,글래머러스
577,발레리안: 천 개 행성의 도시
578,소스 코드
579,버드 박스: 바르셀로나
580,나의 첫 심부름
581,코타 팩토리
582,비밀의 도시
583,믿을 수 없는 이야기
584,익스펜더블
585,라이프
586,테이큰
587,래치드
588,어바웃 타임
589,스트리트 킹
590,신 도라에몽
591,마르코 폴로
592,하울의 움직이는 성
593,더 플랫폼
594,23 아이덴티티
595,돈 룩 업
596,Watcher
597,하이 라이프
598,김씨네 편의점
599,모털 엔진
600,애프터: 그 후
601,언컷 젬스
602,나의 마더
603,트랜스포머: 최후의 기사
604,문라이즈 킹덤
605,러프 다이아몬드
606,Rangabali
607,그레이 맨
608,트리플 엑스 리턴즈
609,도둑들
610,레고 드림즈 - 드림체이서들의 탄생과 모험
611,캡틴 판타스틱
612,겟 카터
613,킹덤
614,굿 캅 대니
615,패딩턴
616,댄싱 브라더스
617,RRR: 라이즈 로어 리볼트
618,인간중독
619,범죄의 장인
620,실버라이닝 플레이북
621,상견니
622,프리즈너스
623,로크 앤 키
624,사이렌: 불의 섬
625,북스마트
626,머니볼
627,RuPaul's Drag Race All Stars
628,이건 누명이야! 시칠리아 살인 미스터리
629,페일 블루 아이
630,섀도우 헌터스: 더 모탈 인스트루먼트
631,별나도 괜찮아
632,카피타니
633,맨 인 블랙: 인터내셔널
634,이케부쿠로 웨스트 게이트 파크
635,반쪽의 이야기
636,침팬지의 제국
637,패신저스
638,블루 발렌타인
639,그린랜드
640,로스트 인 더스트
641,#살아있다
642,마야를 부탁합니다
643,모비우스
644,아디푸루시
645,러브 유 롱 타임
646,그들의 속삭임
647,암살
648,탑 보이
649,리스타트
650,딥워터 호라이즌
651,트랜스아틀란틱
652,내 이름은 마더
653,그레이의 50가지 그림자
654,브레이크 포인트
655,Inuyasha
656,바이올렛 에버가든
657,니모나
658,행복을 찾아서
659,우리는 업쇼 패밀리
660,데드 투 미
661,칼레이도스코프
662,하이큐!!
663,쉬즈 더  맨
664,웰컴 투 에덴
665,센과 치히로의 행방불명
666,부탁 하나만 들어줘
667,지정생존자
668,언노운: 우주를 보는 타임머신
669,살인마 잭의 집
670,결백
671,텐 데이즈 오브 배드 맨
672,언스테이블
673,순수의 시대
674,고양이의 보은
675,부야 함카 1부
676,타이페이 스토리
677,문에이지 데이드림
678,나는 전설이다
679,할로윈 엔드
680,"가장 따뜻한 색, 블루"
681,도로헤도로
682,지푸라기라도 잡고 싶은 짐승들
683,언노운: 뼈 동굴
684,환혼
685,Five Star Kitchen: Britain's Next Great Chef
686,볼트론: 전설 속의 수호자
687,턴 오브 타이드
688,브리짓 존스의 베이비
689,소년탐정 김전일
690,"색, 계"
691,시크릿 시티
692,타오르는 여인의 초상
693,머더 미스터리 2
694,Sam Morril: Same Time Tomorrow
695,토이: 우리가 사랑한 장난감들
696,내부자들
697,కవచం
698,제이슨 본
699,시간여행자
700,황후 엘리자베트
701,기동전사 건담: 수성의 마녀
702,레미제라블
703,트랩트
704,최강야구
705,라이프 오브 브라이언
706,언더 워터
707,모브 사이코 100
708,맘마 미아
709,미스트
710,죽어야 사는 여자
711,Sonic Prime
712,OA
713,프라이멀 피어
714,말하지 못한 이야기: 조니 풋볼
715,맘마 미아 2
716,미이라 2
717,존 윅: 리로드
718,화양연화
719,Castlevania
720,알렉스 슈바처: 나의 진실을 향해
721,미시즈 해리스 파리에 가다
722,더크 젠틀리의 전체론적 탐정 사무소
723,블러드 다이아몬드
724,"호시노 겐 콘서트, 리컬렉션 2015-2023"
725,맨 인 더 다크
726,스펜서
727,외계+인 1부
728,소시지 파티
729,국제시장
730,점선을 따라 찢어라
731,Mechamato The Animated Series
732,샷건 웨딩
733,크루즈 패밀리
734,Roja
735,크롤스페이스
736,신비한 동물들과 그린델왈드의 범죄
737,어메이징 스파이더맨 2
738,그 해 우리는
739,히든 페이스
740,더 레슬러
741,복수는 나의 것
742,인비저블 게스트
743,디센트
744,카우보이의 노래
745,엘도라도: 나치가 혐오한 모든 것
746,아직까지는 괜찮아
747,바이킹스: 발할라
748,블러드라인
749,앰뷸런스
750,어나더 라운드
751,루머의 루머의 루머
752,언거버너블
753,하나와 앨리스
754,파티셰를 잡아라! 빅 베이킹 챌린지
755,밀리언 달러 베이비
756,내가 사랑했던 모든 남자들에게
757,그녀의 이름은 난노
758,캅샵: 미친놈들의 전쟁
759,배드 가이즈
760,아스달 연대기
761,맨 인 블랙 3
762,개인의 취향
763,익스체인지
764,올 더 머니
765,화등초상
766,화이트 칙스
767,다크 크리스탈: 저항의 시대
768,비밀의 숲
769,아이 좀비
770,트랜스포머 3
771,고양이는 건드리지 마라: 인터넷 킬러 사냥
772,데어 윌 비 블러드
773,콰르텟
774,그녀
775,언브로큰
776,트라이얼 오브 더 시카고 7
777,레고 프렌즈
778,페어리 테일
779,런
780,플레이북: 게임의 법칙
781,루터: 태양의 몰락
782,페파 피그
783,맨 인 블랙 2
784,워리어 넌: 신의 뜻대로
785,이웃집 토토로
786,암살교실
787,그리고 베를린에서
788,내 이웃의 비밀
789,원티드
790,극장판 주술회전 0
791,더블 타겟
792,몰리스 게임
793,MH370: 비행기 실종 사건
794,붉은 꽃 농장
795,콜럼버스
796,이블 데드
797,저스티스 리그
798,중경삼림
799,타짜
800,서스페리아
801,사랑은 사계절
802,월드 트리거
803,코민스키 메소드
804,던전에서 만남을 추구하면 안 되는 걸까
805,기생수
806,머슬 & 메이헴: 아메리칸 글래디에이터 뒷이야기
807,오징어와 고래
808,예감
809,Nike Training Club - HIT & Strength with Tara
810,비스트
811,유랑지구
812,쿨리파리: 개구리 군대
813,더 하더 데이 폴
814,JoJo's Bizarre Adventure
815,걸보스
816,새벽의 황당한 저주
817,착오
818,스파이더맨 2
819,리타
820,악인전
821,달의 연인 - 보보경심 려
822,아멜리에
823,The Mummy
824,악마가 너의 죽음을 알기 전에
825,슈렉 2
826,핸콕
827,킹덤
828,숨바꼭질
829,코드 기어스: 반역의 를르슈
830,핵 마이 홈: 공간을 늘리는 리모델링
831,Just in Time
832,월요일이 사라졌다
833,퍼펙트 케어
834,케빈에 대하여
835,아토믹 블론드
836,사이코지만 괜찮아
837,오스만 제국의 꿈
838,콜 제인
839,셀링 선셋
840,더 킹
841,트루스 오어 데어
842,사브리나의 오싹한 모험
843,킬러의 보디가드
844,Seulgiroun Euisasaenghal
845,친절한 금자씨
846,유령 신부
847,세븐 킹스 머스트 다이
848,몬티 파이튼의 비행 서커스
849,Treason
850,블러드 앤 골드
851,일곱 개의 대죄: 원망의 에든버러 파트 2
852,여총리 비르기트
853,리듬 & 플로우
854,와일드 차일드
855,캔 유 히어 미?
856,피지컬: 100
857,벨파스트
858,마스터 오브 제로
859,디보션
860,명탐정 코난: 범인 한자와 씨
861,돌이킬 수 없는
862,밤쉘: 세상을 바꾼 폭탄선언
863,배틀봇
864,외모지상주의
865,제인 도
866,연인
867,캐롤
868,끝까지 살아남아라
869,마루 밑 아리에티
870,대부
871,클루리스
872,미스터 & 미세스 스미스
873,애덤 프로젝트
874,쿵푸팬더 3
875,존 말코비치 되기
876,가버나움
877,브로스
878,백악관 최후의 날
879,헤드 투 헤드
880,마크 캐번디시: 나는 멈추지 않는다
881,우먼 오브 더 데드
882,은밀한 회사원
883,7초
884,러브
885,웅남이
886,언페이스풀
887,쥬라기 공원 3
888,작은 아씨들
889,킹덤
890,죽어도 안 죽는 여자
891,클래식
892,런 래빗 런
893,안나라수마나라
894,원더
895,결혼 이야기
896,명불허전
897,그레이스 앤 프랭키
898,배틀쉽
899,검은 욕망
900,서던 리치: 소멸의 땅
901,독전
902,컬러 오브 러브
903,몬티 파이튼의 성배
904,몽상가들
905,언프렌디드: 다크 웹
906,중쇄를 찍자!
907,파워 오브 도그
908,나르비크
909,"마왕학원의 부적합자 ~사상 최강의 마왕인 시조, 전생해서 자손들의 학교에 다니다~"
910,웨이 다운
911,빅 누누 리틀 하이스트
912,채피
913,믹스드 바이 에리
914,왬!
915,10대 사건으로 보는 제2차 세계대전
916,Yuddham Sharanam
917,마숨
918,Z 네이션
919,악마는 사라지지 않는다
920,레고 닌자고
921,간츠: 오
922,투 더 레이크
923,더 하우스
924,"비르기트: 왕국, 권력, 영광"
925,퍼시픽 림: 어둠의 시간
926,스파이더맨 3
927,"라일, 라일, 크로커다일"
928,"러브, 로지"
929,47 미터
930,Behind Her Eyes
931,백두산
932,카우보이 비밥
933,카틀라
934,벨벳
935,웨이코: 아메리칸 아포칼립스
936,아픈 건 싫으니까 방어력에 올인하려고 합니다
937,화이트 노이즈
938,퍼플 하트
939,레드 노티스
940,더 랜치
941,인스턴트 패밀리
942,쿵푸팬더: 용의 기사
943,뉴 가이
944,센스8
945,모노노케 히메
946,로알드 달의 뮤지컬 마틸다
947,데몰리션
948,데이브레이크
949,비독: 파리의 황제
950,메카닉
951,레드: 더 레전드
952,랑종
953,블루 재스민
954,Football-Inspired Workouts for All
955,가질 수 없는
956,벌새
957,휴먼 리소스
958,딜리트
959,박쥐
960,시그널
961,Paquita Salas
962,킬러의 보디가드 2
963,콜로니
964,쟈니 잉글리쉬
965,아머게든 타임
966,아이 앰 조르지나
967,어쌔신 크리드
968,"장화, 홍련"
969,퍼피 구조대 더 무비
970,아카메가 벤다!
971,더 스파이
972,워킹맘 다이어리
973,사랑의 전술 2
974,기억의 밤
975,그리다이언 갱
976,러스트 밸리 브라더스
977,택시운전사
978,배드 엑소시스트
979,Mark Normand: Soup to Nuts
980,빅 마우스
981,유혹의 계절
982,당신과 자연의 대결
983,나잇 & 데이
984,나는 언제나 네가 지난 여름에 한 일을 알고 있을 것이다
985,마녀 배달부 키키
986,로마
987,8 마일
988,졸업
989,마드리드 모던걸
990,트롤의 습격
991,엽기적인 그녀
992,스루 마이 윈도: 우리 사이의 바다
993,페즈 캔디 무법자
994,마리안
995,12 솔져스
996,바이올렛 에버가든 외전: 영원과 자동수기인형
997,더 듀크
998,IDOL [아이돌 : The Coup]
999,알바 뛰는 마왕님!
1000,남부의 여왕
1001,더 너스
1002,더 서클
1003,바람의 검심
1004,반요 야샤히메
1005,미첼 가족과 기계 전쟁
1006,블랙 클로버: 마법제의 검
1007,풀 스윙
1008,더 포가튼 배틀
1009,미래전투
1010,The Invitation
1011,트랜스포머: 사라진 시대
1012,론 서바이버
1013,극장판 귀멸의 칼날: 무한열차 편
1014,결백
1015,봄날은 간다
1016,퀸카가 아니어도 좋아
1017,글로우: 레슬링 여인 천하
1018,지구 최후의 아이들
1019,세븐시즈
1020,그레이트 월
1021,Teen Titans Go!
1022,길버트 그레이프
1023,블론드
1024,새비지 뷰티
1025,마더
1026,셰프의 테이블
1027,나인 하프 위크 2
1028,다섯이 돌아왔다: 할리우드와 2차대전 이야기
1029,맥그리거 포에버
1030,짝패
1031,벗어던지고 자유롭게
1032,섹스 아카데미
1033,바비의 드림하우스
1034,90년대쇼
1035,하이앤로우 더 워스트 크로스
1036,카이라와 비밀의 마법 클럽
1037,파이널 스페이스
1038,보이스
1039,뷰티풀 라이프
1040,더 포스트
1041,잃어버린 도시 Z
1042,스물다섯 스물하나
1043,계단: 아내가 죽었다
1044,프리퀀시
1045,원 데이
1046,젊은 남자
1047,위험한 거짓말들
1048,레인
1049,아이 씨 유
1050,300: 제국의 부활
1051,엑시트
1052,카피캣 킬러
1053,이즈 잇 케이크
1054,늑대소년
1055,헌터 킬러
1056,이 멋진 세계에 축복을!
1057,레드
1058,악의 꽃
1059,멀리건
1060,옥자
1061,살인자 만들기
1062,Hot Skull
1063,코펜하겐 카우보이
1064,러브 앤 몬스터스
1065,바이스
1066,버닝
1067,Masha and the Bear
1068,너의 결혼식
1069,벼랑 위의 포뇨
1070,신성한 게임
1071,일곱 개의 대죄
1072,연쇄살인범을 잡아라
1073,신비한 동물사전
1074,시크릿 쥬쥬 별의 여신
1075,언브레이커블 키미 슈미트
1076,에덴즈 제로
1077,배틀 로얄
1078,구울
1079,집에서 가장 먼 곳으로
1080,코어
1081,퀴어 아이
1082,Les papillons noirs
1083,레지던트 이블 2
1084,트랜스포머: 워 포 사이버트론: 포위 작전
1085,낯설고 먼
1086,무간도
1087,다운튼 애비 2
1088,리버스 엣지
1089,멕시코 만세?
1090,클라이언트 리스트
1091,커런트 워
1092,오두막
1093,주피터스 문
1094,그림스비: 용감한 형제
1095,불꽃 소방대
1096,새벽의 저주
1097,미이라 3: 황제의 무덤
1098,브리짓 존스의 일기: 열정과 애정
1099,스틸 앨리스
1100,"그녀, 안드로이드"
1101,얼라이드
1102,강철비 2: 정상회담
1103,명탐정 코난: 제로의 일상
1104,블랙 미러: 밴더스내치
1105,칼리프의 나라
1106,6 언더그라운드
1107,잃어버린 세계를 찾아서 2: 신비의 섬
1108,말아톤
1109,퍼스트 러브 하츠코이
1110,몬스터 하우스
1111,우리 이혼했어요
1112,프롬 스크래치
1113,아이 엠 러브
1114,어거스트 러쉬
1115,사선에서
1116,그녀의 조각들
1117,플리즈 라이크 미
1118,그리지와 레밍스
1119,희귀 소장품의 왕: 골딘 터치
1120,베르세르크
1121,일하는 세포
1122,파리 투 마르세유: 2주간의 여행
1123,더 킹: 헨리 5세
1124,클로버필드 패러독스
1125,과학자 에이다의 위대한 말썽
1126,리브 투 리드: 세상을 바꾸는 리더들
1127,무빙 아트
1128,프런티어
1129,판타스틱 하이스쿨
1130,붉은 돼지
1131,이태원 클라쓰
1132,갱스터
1133,아테나
1134,세일즈맨
1135,미니언즈 & 모어 1
1136,O2
1137,고지전
1138,바바리안
1139,세 개의 비밀
1140,건즈 아킴보
1141,키스 오브 드래곤
1142,반도
1143,대통령의 딸
1144,더 체스트넛 맨
1145,앵그리 버드 더 무비
1146,리추얼: 숲속에 있다
1147,스노우 걸
1148,왁푸
1149,남산의 부장들
1150,공공의 적
1151,골드 브릭
1152,말루프 가족이 사는 법
1153,올드 가드
1154,스페셜 시큐리티 : 라스트 미션
1155,연애 실험: 블라인드 러브
1156,리모델링 임파서블
1157,나의 문어 선생님
1158,관음증 그녀
1159,패딩턴 2
1160,유로비전 송 콘테스트: 파이어 사가 스토리
1161,이넘버 넘버: 요하네스버그의 황금
1162,미씽: 그들이 있었다
1163,나를 차버린 스파이
1164,고스트 라이더
1165,방패 용사 성공담
1166,방구석1열
1167,킬링 카인드: 킬러의 수제자
1168,하드코어 헨리
1169,네온 데몬
1170,바람이 분다
1171,마다가스카의 펭귄
1172,로크
1173,두 인생을 살아봐
1174,에이전트 A.K.A.
1175,키싱 부스
1176,데빌맨 크라이베이비
1177,반 헬싱
1178,다이버전트 시리즈: 얼리전트
1179,펠햄 123
1180,Nothing Lasts Forever
1181,엄마는 둘밖에 없지
1182,장난스런 키스
1183,괴물
1184,라스베가스를 떠나며
1185,다이너스티: 1%의 1%
1186,이끼
1187,감기
1188,뉴스 오브 더 월드
1189,아버지를 위한 노래
1190,파이브 피트
1191,청춘시대
1192,Rich in Love 2
1193,투건스
1194,설중한도행
1195,잉크시랜드 콘서트
1196,왕과 함께
1197,신과함께-죄와 벌
1198,찰리네 유치원
1199,스타 트렉: 엔터프라이즈
1200,레인보우 하이
1201,라디오 스타
1202,보글보글 스폰지밥
1203,엔터갤럭틱
1204,커뮤터
1205,우리 집에 유령이 산다
1206,풀러 하우스
1207,빌리언 달러 코드
1208,범죄와의 전쟁: 나쁜놈들 전성시대
1209,아웃핏
1210,미드나잇 선
1211,아이 필 프리티
1212,"조제, 호랑이 그리고 물고기들"
1213,공작
1214,퍼스트 킬
1215,365 Days
1216,미스터 카 & 템플기사단
1217,브레인차일드: 이런 것도 과학이야?
1218,카오스
1219,월드 인베이젼
1220,선과 악의 학교
1221,가족의 색깔
1222,코미 양은 커뮤증입니다
1223,언노운: 킬러 로봇
1224,일: 우리가 온종일 하는 바로 그것
1225,"틱, 틱... 붐!"
1226,퍼펙트 파인드
1227,크래싱
1228,더 길티
1229,"나는 SOLO 그 후, 사랑은 계속된다"
1230,트리플 프런티어
1231,내가 그걸 시작한 이유
1232,K-19: 위도우메이커
1233,나쁜 엄마
1234,빅 팀버: 제재소를 지켜라!
1235,스카이 하이: 더 시리즈
1236,13층
1237,보 번햄: 못 나가서 만든 쇼
1238,비상! 시어머니가 떴다
1239,데스노트
1240,철인왕후
1241,딜리셔스: 프렌치 레스토랑의 시작
1242,장화신은 고양이의 신나는 모험
1243,보이지 않는 여자
1244,거침없이 아니타!
1245,치킨 런
1246,레이니 데이 인 뉴욕
1247,3%
1248,나르코스: 멕시코
1249,사도행자: 특별수사대
1250,스윗 프랑세즈
1251,아논
1252,먹보와 털보
1253,레베카
1254,뚜 쥬띠 메인 마카르
1255,"오, 할리우드"
1256,톰 세구라: 슬레지해머
1257,이번 생은 처음이라
1258,이제 그만 끝낼까 해
1259,아웃 오브 아프리카
1260,오쇼 라즈니쉬의 문제적 유토피아
1261,닥터 가르시아의 환자들
1262,쉘부르의 우산
1263,내겐 너무 아찔한 그녀
1264,스파이 게임
1265,댄스 몬스터스
1266,둠
1267,스위치
1268,영광의 깃발
1269,데이 시프트
1270,신의 탑
1271,막달라 마리아: 부활의 증인
1272,목소리의 형태
1273,소닉 붐
1274,페르소나
1275,소녀와 우주비행사
1276,"좋은 놈, 나쁜 놈, 이상한 놈"
1277,클라우스
1278,리전
1279,마틸다
1280,레지던트 이블 3: 인류의 멸망
1281,러스트 스토리 2
1282,검은 미로
1283,퍼펙트맨
1284,더 라스트 레터
1285,내 남자친구는 왕자님
1286,몬스터
1287,인연이 될 수 있을까
1288,웰매니아: 리브의 건강찾기 프로젝트
1289,코드 8
1290,마약왕 파블로 에스코바
1291,커버넌트
1292,틴과 티나
1293,침묵의 비명
1294,조지아 룰
1295,"엄마, 나는 자라고 있어요"
1296,브라이트
1297,날씨가 좋으면 찾아가겠어요
1298,두 교황
1299,씨 비스트
1300,우리들의 블루스
1301,밀리언 달러 리스팅: 뉴욕
1302,보라! 데보라
1303,명량
1304,정승필 실종사건
1305,스네이크 아이즈: 지.아이.조
1306,글리치
1307,Mank
1308,제5침공
1309,마고 앳 더 웨딩
1310,애프터: 관계의 함정
1311,여생 청다지교: 사랑의 서약
1312,주온
1313,에이전트 엘비스
1314,Clickbait
1315,아임 낫 데어
1316,럭키스트 걸 얼라이브
1317,삼생삼세 십리도화
1318,레벨 16
1319,우리의 20세기
1320,스토어웨이
1321,슬기로운 감빵생활
1322,퍼니셔 2
1323,원더풀 라이프
1324,드래곤 길들이기 2
1325,하늘에서 음식이 내린다면
1326,18 어게인
1327,케이트
1328,폴링 인 러브
1329,아미 오브 더 데드
1330,100만 엔의 여인들
1331,독거 소년 코타로
1332,트랜스포머: 패자의 역습
1333,아저씨
1334,로마 제국: 피의 지배
1335,우리 사장님은 15살
1336,"광해, 왕이 된 남자"
1337,델리 크라임
1338,7번방의 선물
1339,프로젝트 파워
1340,미라클 프롬 헤븐
1341,라스트 에어벤더
1342,로보카폴리 쏭쏭뮤지엄
1343,에놀라 홈즈
1344,레드 로켓
1345,전우치
1346,아웃로 킹
1347,채털리 부인의 연인
1348,멜로가 체질
1349,더 팬텀 오브 디 오픈
1350,트롤: 춤과 노래는 계속된다!
1351,산타 클라리타 다이어트
1352,아기공룡 둘리: 얼음별 대모험
1353,하프 배드: 선 & 데빌
1354,추억의 마니
1355,솔트
1356,별에서 온 그대
1357,아미 오브 더 데드: 도둑들
1358,이 세상의 한구석에
1359,흐르는 강물처럼
1360,저스트 프렌드
1361,리틀 포레스트
1362,타락천사
1363,창란결
1364,서부 전선 이상 없다: 메이킹
1365,4번의 크리스마스
1366,사도
1367,홈
1368,"당신과 나, 그리고 그녀"
1369,히틀러의 이너 서클
1370,세인트 빈센트
1371,85 사우스: 게토 레전즈
1372,감각의 제국
1373,오버 더 문
1374,메이드 인 첼시
1375,미국 수정헌법 제13조
1376,내 인생 특별한 숲속 여행
1377,빅맥: 갱스터스 앤 골드
1378,바람계곡의 나우시카
1379,샌드 캐슬
1380,슬럼버랜드
1381,관상
1382,구스범스
1383,한산 리덕스
1384,스파이더 게임
1385,쫑알쫑알 똘똘이
1386,B컷
1387,바이오하자드: 더 시리즈
1388,잉글리시 게임
1389,미스 아메리카나
1390,"펩시, 내 제트기 내놔!"
1391,제인 에어
1392,스위트홈
1393,12인의 심판자
1394,영웅
1395,집시
1396,아수라
1397,연인
1398,자카르타 vs 에브리바디
1399,피위의 빅 홀리데이
1400,빈센조
1401,#리얼리티하이
1402,세컨드 액트
1403,게이샤의 추억
1404,쿠로코의 농구
1405,스파이더헤드
1406,걸
1407,에놀라 홈즈 2
1408,개비의 매직 하우스
1409,유대인 매치메이킹: 중매를 부탁해
1410,종이의 집: 공동경제구역
1411,안녕? 나야!
1412,더 몰
1413,노라가미
1414,럭키
1415,분닥 세인트
1416,샐베이션
1417,고블린 슬레이어
1418,특전 U보트
1419,신데렐라의 크리스마스
1420,La vocera
1421,베이크 스쿼드
1422,크리스마스 연대기
1423,That Girl Lay Lay
1424,스튜어트 리틀
1425,난장판이 된 사건사고: 우드스톡 1999
1426,상사에 대처하는 로맨틱한 자세
1427,월스트리트에 한 방을: 게임스톱 사가
1428,스폰지밥 무비: 핑핑이 구출 대작전
1429,Fortune Seller: A TV Scam
1430,처키의 저주
1431,늑대사냥
1432,스위니 토드: 어느 잔혹한 이발사 이야기
1433,라우흐하머: 탄광 마을 살인 사건
1434,크리스마스에 기사가 올까요?
1435,그 여자의 집 건너편 창가에 웬 소녀가 있다
1436,내일은 위닝샷
1437,더 (올모스트) 레전즈
1438,어느 날 인생이 엉켰다
1439,레전드 오브 조로
1440,원 모어 타임
1441,패밀리 블러드
1442,메시아
1443,말할 수 없는 비밀
1444,스마일리
1445,블랙 썸머
1446,"고흐, 영원의 문에서"
1447,신세기 에반게리온 엔드 오브 에반게리온
1448,알파 : 위대한 여정
1449,은혼2: 규칙은 깨라고 있는 것
1450,자정 클럽
1451,미드나잇 가스펠
1452,마음을 바꾸는 방법
1453,클레오
1454,Om Nom Stories
1455,Da 5 블러드
1456,탑 보이: 써머하우스
1457,신들에게 주워진 남자
1458,스파이럴
1459,내 친구 추파카브라
1460,오니: 천둥 신의 전설
1461,위시 드래곤
1462,필 굿
1463,마리 퀴리
1464,세븐틴 어게인
1465,할리우드 클리셰의 모든 것
1466,킬 유어 달링
1467,일타 스캔들
1468,카고
1469,마이코네 행복한 밥상
1470,인헤리턴스
1471,정이
1472,혜미리예채파
1473,고! 고카트
1474,해피!
1475,IO
1476,먹고 기도하고 사랑하라
1477,더 스트레인저
1478,팬픽
1479,파티셰를 잡아라!
1480,존 멀레이니: 베이비 J
1481,가질 수 있다면
1482,귀를 기울이면
1483,아무 일도 없었다
1484,"바르도, 약간의 진실을 섞은 거짓된 연대기"
1485,클로이
1486,The Midnight Sky
1487,21
1488,사랑의 이해
1489,내 방식대로 할게요
1490,연애의 부작용
1491,"엄마, 우린 누구로부터 도망쳤던 건가요?"
1492,나랏말싸미
1493,그때 그 시절 패밀리
1494,해적: 도깨비 깃발
1495,레녹스힐 닥터스
1496,폭풍의 시간
1497,최후통첩: 퀴어 러브
1498,라이어 게임
1499,홈즈 & 왓슨
1500,해운대
1501,쥬라기 공원 2: 잃어버린 세계
1502,타이페이 카페 스토리
1503,흔해빠진 직업으로 세계최강
1504,외성여생시소칠 : 내 여자친구는 외계인
1505,나이트폴: 신의 기사단
1506,나는 악마를 사랑했다
1507,가문의 영광
1508,허슬
1509,블랙 크랩
1510,"선배, 그 립스틱 바르지 마요"
1511,스루 마이 윈도
1512,퍼스널 쇼퍼
1513,첫 키스에 반하다
1514,남한산성
1515,제인의 썸머
1516,익스팅션: 종의 구원자
1517,더 킹 : 영원의 군주
1518,나는 네가 지난 여름에 한 일을 알고 있다
1519,폴라
1520,어둠 속으로
1521,Vagabond
1522,컵헤드 쇼!
1523,호텔 델루나
1524,천공의 성 라퓨타
1525,이지
1526,슈퍼 팀 4
1527,S.W.A.T. 특수기동대
1528,드래곤 에이지: 앱솔루션
1529,이머전시: 뉴욕
1530,벽 속에 숨은 마법시계
1531,아들
1532,구스범스: 몬스터의 역습
1533,미니언즈 & 모어 2
1534,고질라: 행성포식자
1535,컬러풀 웨딩즈
1536,에르샨 쿠네리
1537,우먼 인 윈도
1538,루폴의 드래그 레이스: 꺼내봐!
1539,혹시 내게 무슨 일이 생기면
1540,비보의 살아있는 모험
1541,모술
1542,검은 사제들
1543,기생수 파트2
1544,마사미르 지구
1545,조 벨
1546,콜
1547,캐치! 티니핑
1548,노블레스
1549,화이트 하우스 다운
1550,걸후드
1551,아메리칸 팩토리: 오바마 부부와의 대화
1552,벤 이즈 백
1553,맨 프롬 토론토
1554,카메론 포스트의 잘못된 교육
1555,아메리칸 반달리즘
1556,유 피플
1557,화차
1558,언프렌디드: 친구삭제
1559,Bee & Puppycat: Lazy in Space
1560,마술사의 코끼리
1561,가구야공주 이야기
1562,허니와 클로버
1563,둠스데이: 지구 최후의 날
1564,보이저스
1565,흑마술사
1566,힐다
1567,인사이드 빌 게이츠
1568,발할라 살인
1569,적벽대전 1부: 거대한 전쟁의 시작
1570,비커밍 제인
1571,아무도 모른다
1572,아움!
1573,Shadowplay
1574,터널
1575,메이크 미 빌리브
1576,행복배틀
1577,폭죽
1578,스마트폰을 떨어뜨렸을 뿐인데
1579,머니 몬스터
1580,비욘드 더 마스크
1581,미인어
1582,디스커버리
1583,크리미널: 영국
1584,더 크루: 갱랜드
1585,택시
1586,메이크 마이 데이
1587,L.O.L. Surprise! House of Surprises
1588,투 핫! 독일
1589,아담 샌들러의 8 크레이지 나이트
1590,스타트업
1591,삼진그룹 영어토익반
1592,트롤헌터: 아카디아의 전설
1593,세라 쿠퍼: 아주 좋아!
1594,더 소사이어티
1595,베테랑
1596,페인 앤 게인
1597,식객
1598,리틀 맨
1599,마스터
1600,크리미널 스쿼드
1601,블레임!
1602,가을의 전설
1603,경관의 피
1604,파인애플 익스프레스
1605,머니 샷: 폰허브를 말하다
1606,1987
1607,미스터 굿: 경찰인가 악당인가
1608,퀸 클레오파트라
1609,마법 친구 모플
1610,강철의 연금술사
1611,에이미 슈머: 나의 비상 연락처
1612,자객 오육칠
1613,착한 신도: 기도하고 복종하라
1614,보살핌의 정석
1615,아인
1616,누군가는 거짓말을 하고 있다
1617,라스베가스에서만 생길 수 있는 일
1618,New Gods: Nezha Reborn
1619,엉뚱발랄 콩순이와 친구들
1620,세이프 하우스
1621,내일
1622,더 로드
1623,심야식당
1624,샨나라 연대기
1625,미싱: 실종자를 찾아라
1626,하이 스코어
1627,위기의 친구들
1628,One Day We'll Talk About Today
1629,굿 모닝 베로니카
1630,극장판 마이 리틀 포니: 새로운 희망
1631,써클
1632,버려진 자들의 땅
1633,살색의 감독 무라니시
1634,사랑의 달
1635,아이 캔 스피크
1636,치어: 승리를 위하여
1637,크리스마스로 불리는 소년
1638,너에게 주는 시간
1639,스트레이
1640,7번방의 기적
1641,오큘러스
1642,전직고수
1643,7번째 내가 죽던 날
1644,검은돈
1645,사보타지
1646,오마주
1647,특종
1648,칙 파이트
1649,와일드 카드
1650,Ask the Doctor
1651,가려진 시간
1652,고질라: 결전기동증식도시
1653,더 게임 체인저스
1654,데스노트
1655,"그 남자, 좋은 간호사"
1656,겁쟁이 페달
1657,패밀리 리유니언
1658,러브 온 더 스펙트럼
1659,몬스터 헌터: 길드의 전설
1660,베이비
1661,코난: 암흑의 시대
1662,메이저 그롬: 플레이그 닥터
1663,고대의 아포칼립스
1664,끝나지 않는 세 번째 데이트
1665,화이트 타이거
1666,나는 어떻게 슈퍼히어로가 되었는가
1667,악녀
1668,허드 앤 씬
1669,노이즈
1670,프랑켄슈타인: 불멸의 영웅
1671,우리도 사랑일까
1672,시지프스 : the myth
1673,당신을 만나지 않았더라면
1674,Moo 2
1675,블라인드 멜로디
1676,척살소설가
1677,기동전사 건담: 섬광의 하사웨이
1678,스페이스 워커
1679,스시 장인: 지로의 꿈
1680,세인트 세이야: 12궁의 기사단
1681,이 구역의 미친 X
1682,희생부활자
1683,미션 마지누
1684,터닝 포인트: 9/11 그리고 테러와의 전쟁
1685,백사2: 청사의 시련
1686,슈퍼 미
1687,이모티: 더 무비
1688,주피터스 레거시
1689,사랑이 지나간 자리
1690,마법 관리국과 비밀 요원들
1691,리버댄스: 애니메이션 어드벤처
1692,헝거
1693,인도 스포츠 스캔들 - 범죄. 비리. 크리켓.
1694,셀링 탬파
1695,너에게 가는 길
1696,아버지는 산을 움직인다
1697,오드 택시
1698,Nanpakal Nerathu Mayakkam
1699,천재강아지 미스터 피바디
1700,멸종은 싫어!
1701,머더 미스터리
1702,상해보루
1703,드래곤 퀘스트: 유어 스토리
1704,레 콩바탕트: 그녀들의 전쟁
1705,아이 엠 낫 오케이
1706,모글리: 정글의 전설
1707,클럭스 3
1708,웬델 & 와일드
1709,너의 새는 노래할 수 있어
1710,살인을 말하다: 존 웨인 게이시 테이프
1711,인질
1712,취조
1713,패터슨
1714,두다다쿵
1715,바다가 들린다
1716,패밀리 맨
1717,아카이브 81
1718,"러브, 섹스 앤 30 캔들스"
1719,"다음 역, 행복"
1720,2046
1721,차인표
1722,데이비드 애튼버러: 우리의 지구를 위하여
1723,투카 앤 버티
1724,Paradise PD
1725,하얀 리본
1726,동궁
1727,사내맞선
1728,데미지
1729,Not Quite Narwhal
1730,샤흐마란
1731,프리 파이어
1732,아이 케임 바이
1733,분노의 질주: 스파이 레이서
1734,스폰지밥 3D
1735,Christmas Wedding Planner
1736,아더 크리스마스
1737,모범형사
1738,작전명: 국가를 웃게 하라
1739,너에게 닿기를
1740,우리가 사랑에 빠졌던 모든 시간
1741,To Russia with Love
1742,천공 침범
1743,코코멜론
1744,바람을 길들인 풍차소년
1745,식스 빌로우
1746,스핀 아웃
1747,에버 애프터 하이
1748,먼데이
1749,아메리칸 맨헌트: 보스턴 마라톤 폭탄 테러
1750,그들의 왕국
1751,데드윈드
1752,더 클럽
1753,브레이븐
1754,어드리프트: 우리가 함께한 바다
1755,킨: 더 비기닝
1756,자도빌 포위작전
1757,나만 몰랐던 부자 되는 법
1758,코펜하겐 카우보이: 니콜라스 빈딩 레픈이 말하다
1759,푸른 산호초
1760,어머니 니나
1761,기생수 파트1
1762,트루 스피릿
1763,클라우스 패밀리 2
1764,철의 심장을 가진 남자
1765,윈터 온 파이어: 우크라이나의 자유 투쟁
1766,"알고있지만,"
1767,페어웰
1768,릴리해머
1769,바다 탐험대 옥토넛: 육지수호 대작전
1770,국민 영수증
1771,Barracuda Queens
1772,휴먼이 사라졌다!
1773,Giri/Haji
1774,승리호
1775,클라르크
1776,헝거게임: 더 파이널
1777,홀드 타이트
1778,인비저블 가디언
1779,냉정과 열정 사이
1780,어그레시브 레츠코
1781,넥스트 인 패션
1782,이별의 아침에 약속의 꽃을 장식하자
1783,미드나잇 아시아: 먹다 · 춤추다 · 꿈꾸다
1784,주간 아이돌
1785,창궐
1786,무브 투 헤븐: 나는 유품정리사입니다
1787,강철의 연금술사 완결편: 최후의 연성
1788,Entrapped
1789,크리스마스 건너뛰기
1790,오싹한 이야기
1791,The Worst Witch
1792,기간토사우루스
1793,미드나잇 익스프레스
1794,인간수업
1795,컨트롤 Z
1796,추격자
1797,미드 90
1798,수부라
1799,아웃사이드 더 와이어
1800,더 킬러: 죽어도 되는 아이
1801,넛잡: 땅콩 도둑들
1802,백엔의 사랑
1803,로보카 폴리
1804,버니 메이도프: 월가의 괴물
1805,오늘부터 히어로
1806,스트레인저
1807,로맨스는 별책부록
1808,시원찮은 그녀를 위한 육성방법
1809,돈
1810,깊은 숲에서
1811,부활
1812,서울대작전
1813,눈이 부시게
1814,요리도 계산이다
1815,곤도 마리에: 기쁨을 찾아라
1816,로이소 골라: 편견을 반납합니다
1817,매직 인 더 문라이트
1818,소셜 딜레마
1819,최강전사 미니특공대
1820,더 버블
1821,차시천하
1822,로스트 올리
1823,본 투 비 블루
1824,슈퍼노바
1825,페이트: 윙스의 전설
1826,도가니
1827,건지 감자껍질파이 북클럽
1828,로스쿨
1829,시
1830,청의 엑소시스트
1831,미션 축구: 돌연변이를 무찔러라!
1832,에일리어니스트
1833,마야와 3인의 용사
1834,악마와의 만남
1835,빈집
1836,데스 위시
1837,"므이 : 저주,돌아오다"
1838,바이킹 따라잡기
1839,소닉 X
1840,원 세컨드
1841,로망
1842,청춘 돼지는 바니걸 선배의 꿈을 꾸지 않는다
1843,페델타
1844,대호
1845,클라우즈 오브 실스마리아
1846,바이오하자드: 무한의 어둠
1847,인터셉터
1848,이웃과의 전쟁
1849,타우
1850,언더커버
1851,엘 차포: 터널 킹
1852,라스트 찬스 대학
1853,연애 빠진 로맨스
1854,Red Shoes and the Seven Dwarfs
1855,러브 아일랜드: 호주
1856,마이 네임
1857,주(咒)
1858,머더빌
1859,에이제이 & 퀸
1860,바이킹 울프
1861,더 라스트 데이즈
1862,스프리건
1863,스카이 로호
1864,주식회사 러브의 아리니
1865,우주의 전사 쉬라
1866,레드 씨 다이빙 리조트
1867,싱크홀
1868,"지금, 만나러 갑니다"
1869,셔터
1870,너의 췌장을 먹고 싶어
1871,해리건 씨의 전화기
1872,Leanne Morgan: I'm Every Woman
1873,랜덤 하트
1874,비밀의 정원
1875,운석전
1876,어른들은 몰라요
1877,으라차차 와이키키
1878,얼터드 카본: 리슬리브
1879,길 위의 셰프들
1880,엽문 3: 최후의 대결
1881,쟈니 테스트
1882,테일러 스위프트의 레퓨테이션 스타디움 투어
1883,퍼펙트 매치
1884,헤드스페이스: 명상이 필요할 때
1885,미스터 말콤스 리스트
1886,래버너스
1887,펠릭스 로브레히트: 성공의 맛
1888,강철의 연금술사 완결편: 복수자 스카
1889,태국 동굴 구조작전
1890,엑소시즘 오브 에밀리 로즈
1891,왈테르 위라야
1892,치욕의 대지
1893,스페이스 잼
1894,남색대문
1895,마계학교 이루마군
1896,치팅 퀴즈
1897,스페이스 포스
1898,박수건달
1899,Gaenmaeul Chachacha
1900,도쿄!
1901,바비의 드림하우스 어드벤처
1902,포인트 블랭크
1903,"자유, 평등, 블랙!"
1904,너는 나의 처음
1905,버블
1906,치히로 상
1907,혐오스런 마츠코의 일생
1908,리빙 위드 유어셀프
1909,아프리칸 퀸: 은징가
1910,프린스 오브 레전드
1911,그 남자의 집
1912,서유기: 선리기연
1913,도희야
1914,아나토미 오브 스캔들
1915,셰프의 테이블: 피자
1916,투니부
1917,저주받은 소녀
1918,추즈 오어 다이
1919,애나 만들기
1920,데빌 인 오하이오
1921,블록버스터 살리기
1922,완다 사이크스: 나는 엔터테이너다
1923,어른들의 거짓된 삶
1924,군도: 민란의 시대
1925,"눈부신 세상 끝에서, 너와 나"
1926,SKY 캐슬
1927,크리스마스 위드 유
1928,요한나 노르드스트룀:경찰 불러
1929,장난을 잘 치는 타카기 양
1930,내 이름은 모니크
1931,너의 조각들
1932,대시 & 릴리
1933,드라큘라
1934,Storybots: Answer Time
1935,텍사스 전기톱 학살 2022
1936,미들디치 & 슈워츠
1937,신기한 스쿨버스
1938,"나는 살인자다: 출소, 그 후"
1939,피와 섹스 그리고 왕실
1940,RuPaul's Secret Celebrity Drag Race
1941,섹스: 지퍼를 내려봐
1942,블랙 달리아
1943,신의 구부러진 선
1944,마담 싸이코
1945,더 게이트
1946,미스터 존스
1947,라숙
1948,부부의 세계
1949,코린
1950,니미소시흔미
1951,주걸륜의 주유기
1952,윌러비 가족
1953,월간순정 노자키 군
1954,Familiye
1955,슈퍼 자이언트 로봇 브라더스
1956,배드 지니어스
1957,걸어도 걸어도
1958,Happy Together
